filename,notes,authors,licenses,urls
body/bodies/male/walk.png,see details at https://opengameart.org/content/lpc-character-bases; 'Thick' Male Revised Run/Climb by JaidynReiman (based on ElizaWy's LPC Revised) ,"bluecarrot16,JaidynReiman,Benjamin K. Smith (BenCreating),Evert,Eliza Wyatt (ElizaWy),TheraHedwig,MuffinElZangano,Durrani,Johannes Sjölund (wulax),Stephen Challener (Redshrike) ","OGA-BY 3.0,CC-BY-SA 3.0,GPL 3.0 ","https://opengameart.org/content/liberated-pixel-cup-lpc-base-assets-sprites-map-tiles,https://opengameart.org/content/lpc-medieval-fantasy-character-sprites,https://opengameart.org/content/lpc-male-jumping-animation-by-durrani,https://opengameart.org/content/lpc-runcycle-and-diagonal-walkcycle,https://opengameart.org/content/lpc-revised-character-basics,https://opengameart.org/content/lpc-be-seated,https://opengameart.org/content/lpc-runcycle-for-male-muscular-and-pregnant-character-bases-with-modular-heads,https://opengameart.org/content/lpc-jump-expanded,https://opengameart.org/content/lpc-character-bases "
body/bodies/female/walk.png,see details at https://opengameart.org/content/lpc-character-bases ,"Benjamin K. Smith (BenCreating),bluecarrot16,TheraHedwig,Evert,MuffinElZangano,Durrani,Pierre Vigier (pvigier),ElizaWy,Matthew Krohn (makrohn),Johannes Sjölund (wulax),Stephen Challener (Redshrike) ","OGA-BY 3.0,CC-BY-SA 3.0,GPL 3.0 ","https://opengameart.org/content/liberated-pixel-cup-lpc-base-assets-sprites-map-tiles,https://opengameart.org/content/lpc-medieval-fantasy-character-sprites,https://opengameart.org/content/lpc-ladies,https://opengameart.org/content/lpc-7-womens-shirts,https://opengameart.org/content/lpc-jump-expanded,https://opengameart.org/content/lpc-be-seated,https://opengameart.org/content/lpc-revised-character-basics,https://gitlab.com/vagabondgame/lpc-characters,https://opengameart.org/content/lpc-male-jumping-animation-by-durrani,https://opengameart.org/content/lpc-runcycle-and-diagonal-walkcycle "
head/heads/human/female/walk.png,"original head by Redshrike, tweaks by BenCreating, modular version by bluecarrot16 ","bluecarrot16,Benjamin K. Smith (BenCreating),Stephen Challener (Redshrike) ","OGA-BY 3.0,CC-BY-SA 3.0,GPL 3.0 ","https://opengameart.org/content/,https://opengameart.org/content/lpc-character-bases "
head/heads/human/male/walk.png,"original head by Redshrike, tweaks by BenCreating, modular version by bluecarrot16 ","bluecarrot16,Benjamin K. Smith (BenCreating),Stephen Challener (Redshrike) ","OGA-BY 3.0,CC-BY-SA 3.0,GPL 3.0 ","https://opengameart.org/content/liberated-pixel-cup-lpc-base-assets-sprites-map-tiles,https://opengameart.org/content/lpc-character-bases "
head/heads/frankenstein/adult/walk.png,"original head by Redshrike, frankenstein's monster version by bluecarrot16 ","Stephen Challener (Redshrike),bluecarrot16 ","OGA-BY 3.0,CC-BY-SA 3.0,GPL 3.0 ","https://opengameart.org/content/liberated-pixel-cup-lpc-base-assets-sprites-map-tiles,https://opengameart.org/content/lpc-folk "
head/heads/alien/adult/walk.png,"based on lizard originally by Nila122, modified by BenCreating, further edited by bluecarrot16. Nila122 gave blanket permission to MedicineStorm to use Nila122's LPC assets under OGA-BY 3.0 (where original or derived only from other works under OGA-BY). ","bluecarrot16,Benjamin K. Smith (BenCreating),Nila122 ","OGA-BY 3.0,CC-BY-SA 3.0,GPL 3.0 ","https://opengameart.org/content/drakes-and-lizardfolk,https://opengameart.org/content/lpc-character-bases "
hair/afro/adult/walk.png, ,bluecarrot16 ,CC0 ,https://opengameart.org/content/lpc-hair 
hair/dreadlocks_short/adult/walk.png,Original by bluecarrot16. Animated by ElizaWy. ,"ElizaWy,bluecarrot16 ",CC0 ,"https://opengameart.org/content/lpc-hair,https://github.com/ElizaWy/LPC/blob/main/Characters/Hair,https://opengameart.org/content/lpc-expanded-sit-run-jump-more "
hair/buzzcut/adult/walk.png, ,ElizaWy ,OGA-BY 3.0 ,https://opengameart.org/content/lpc-hair 
hair/curtains/adult/walk.png,(star) ,"Mandi Paugh,bluecarrot16 ","GPL 2.0,GPL 3.0,CC-BY 3.0 ","https://opengameart.org/content/star-overland,https://opengameart.org/content/lpc-hair "
hair/pixie/adult/walk.png, ,"JaidynReiman,Manuel Riecke (MrBeast) ","CC-BY-SA 3.0,GPL 3.0 ","https://opengameart.org/content/liberated-pixel-cup-lpc-base-assets-sprites-map-tiles,https://opengameart.org/content/lpc-expanded-hair "
hair/bob/adult/walk.png,Original by bluecarrot16. Edited and animated by ElizaWy. ,"ElizaWy,bluecarrot16 ",CC0 ,"https://opengameart.org/content/lpc-hair,https://github.com/ElizaWy/LPC/blob/main/Characters/Hair,https://opengameart.org/content/lpc-expanded-sit-run-jump-more "
hair/long_tied/adult/fg/walk.png, ,"JaidynReiman,thecilekli,bluecarrot16 ",CC0 ,"https://opengameart.org/content/lpc-long-tied-hair-with-12-colors,https://opengameart.org/content/lpc-hair,https://opengameart.org/content/lpc-expanded-hair "
hair/long_tied/adult/bg/walk.png, ,"JaidynReiman,thecilekli,bluecarrot16 ",CC0 ,"https://opengameart.org/content/lpc-long-tied-hair-with-12-colors,https://opengameart.org/content/lpc-hair,https://opengameart.org/content/lpc-expanded-hair "
hair/ponytail2/adult/fg/walk.png, ,"JaidynReiman,Manuel Riecke (MrBeast),Joe White ","OGA-BY 3.0,CC-BY-SA 3.0,GPL 3.0 ","https://opengameart.org/content/liberated-pixel-cup-lpc-base-assets-sprites-map-tiles,https://opengameart.org/content/ponytail-and-plain-hairstyles,https://opengameart.org/content/lpc-expanded-hair "
hair/ponytail2/adult/bg/walk.png, ,"JaidynReiman,Manuel Riecke (MrBeast),Joe White ","OGA-BY 3.0,CC-BY-SA 3.0,GPL 3.0 ","https://opengameart.org/content/liberated-pixel-cup-lpc-base-assets-sprites-map-tiles,https://opengameart.org/content/ponytail-and-plain-hairstyles,https://opengameart.org/content/lpc-expanded-hair "
torso/chainmail/male/walk.png,"minor edits by bluecarrot16, reduced colors by Napsio, adjusted Male colors and Idle/Sit/Emote/Climb/Run by JaidynReiman ","Johannes Sjölund (wulax),Napsio (Vitruvian Studio),JaidynReiman ","OGA-BY 3.0,CC-BY-SA 3.0,GPL 3.0 ",https://opengameart.org/content/lpc-medieval-fantasy-character-sprites 
torso/clothes/longsleeve/formal_striped/male/walk.png, ,"bluecarrot16,Thane Brimhall (pennomi),laetissima,Stephen Challener (Redshrike),Johannes Sjölund (wulax) ","CC-BY-SA 3.0,GPL 3.0 ","https://opengameart.org/content/lpc-medieval-fantasy-character-sprites,https://opengameart.org/content/lpc-2-characters "
torso/clothes/longsleeve/formal/male/walk.png, ,"bluecarrot16,Thane Brimhall (pennomi),laetissima,Stephen Challener (Redshrike),Johannes Sjölund (wulax) ","CC-BY-SA 3.0,GPL 3.0 ","https://opengameart.org/content/lpc-medieval-fantasy-character-sprites,https://opengameart.org/content/lpc-2-characters,https://opengameart.org/content/lpc-gentleman "
torso/clothes/longsleeve/longsleeve2_buttoned/female/walk.png,original by ElizaWy; spellcast/thrust/shoot/hurt/male adapted from original by JaidynReiman ,"ElizaWy,JaidynReiman,Stephen Challener (Redshrike),Johannes Sjölund (wulax) ",OGA-BY 3.0 ,"http://opengameart.org/content/lpc-revised-character-basics,https://github.com/ElizaWy/LPC/tree/main/Characters/Clothing,https://opengameart.org/content/lpc-expanded-sit-run-jump-more,https://opengameart.org/content/lpc-expanded-simple-shirts "
torso/clothes/longsleeve/longsleeve2_cardigan/female/walk.png,original by ElizaWy; spellcast/thrust/shoot/hurt/male adapted from original by JaidynReiman ,"ElizaWy,JaidynReiman,Stephen Challener (Redshrike),Johannes Sjölund (wulax) ",OGA-BY 3.0 ,"http://opengameart.org/content/lpc-revised-character-basics,https://github.com/ElizaWy/LPC/tree/main/Characters/Clothing,https://opengameart.org/content/lpc-expanded-sit-run-jump-more,https://opengameart.org/content/lpc-expanded-simple-shirts "
torso/clothes/longsleeve/longsleeve2_polo/female/walk.png,original by ElizaWy; spellcast/thrust/shoot/hurt/male adapted from original by JaidynReiman ,"ElizaWy,JaidynReiman,Stephen Challener (Redshrike),Johannes Sjölund (wulax) ",OGA-BY 3.0 ,"http://opengameart.org/content/lpc-revised-character-basics,https://github.com/ElizaWy/LPC/tree/main/Characters/Clothing,https://opengameart.org/content/lpc-expanded-sit-run-jump-more,https://opengameart.org/content/lpc-expanded-simple-shirts "
torso/clothes/longsleeve/longsleeve2_vneck/female/walk.png,original by ElizaWy; spellcast/thrust/shoot/hurt/male adapted from original by JaidynReiman ,"ElizaWy,JaidynReiman,Stephen Challener (Redshrike),Johannes Sjölund (wulax) ",OGA-BY 3.0 ,"http://opengameart.org/content/lpc-revised-character-basics,https://github.com/ElizaWy/LPC/tree/main/Characters/Clothing,https://opengameart.org/content/lpc-expanded-sit-run-jump-more,https://opengameart.org/content/lpc-expanded-simple-shirts "
torso/clothes/longsleeve/longsleeves_cuffed/male/walk.png,original by ElizaWy; spellcast/thrust/shoot/hurt/male/standalone sleeves adapted from original by JaidynReiman ,"ElizaWy,JaidynReiman,Stephen Challener (Redshrike),Johannes Sjölund (wulax) ",OGA-BY 3.0 ,"http://opengameart.org/content/lpc-revised-character-basics,https://github.com/ElizaWy/LPC/tree/main/Characters/Clothing,https://opengameart.org/content/lpc-expanded-sit-run-jump-more,https://opengameart.org/content/lpc-expanded-simple-shirts "
torso/clothes/shortsleeve/tshirt_buttoned/female/walk.png,original by ElizaWy; spellcast/thrust/shoot/hurt/male adapted from original by JaidynReiman ,"ElizaWy,JaidynReiman,Stephen Challener (Redshrike),Johannes Sjölund (wulax) ",OGA-BY 3.0 ,"http://opengameart.org/content/lpc-revised-character-basics,https://github.com/ElizaWy/LPC/tree/main/Characters/Clothing,https://opengameart.org/content/lpc-expanded-sit-run-jump-more,https://opengameart.org/content/lpc-expanded-simple-shirts "
torso/armour/plate/male/walk.png,"original by wulax, recolor by bigbeargames, color reduced to 7 colors and adapted to v3 bases by bluecarrot16, run/jump/sit/climb/revised combat by JaidynReiman, reduced colors to 6 (based on Napsio's Vitruvian) ","Napsio (Vitruvian Studio),JaidynReiman,bluecarrot16,Michael Whitlock (bigbeargames),Johannes Sjölund (wulax) ","OGA-BY 3.0,CC-BY-SA 3.0,GPL 3.0 ","https://opengameart.org/content/lpc-medieval-fantasy-character-sprites,https://opengameart.org/content/lpc-combat-armor-for-women "
legs/armour/plate/male/walk.png,"reduced to 7 colors an adapted to v3 bases by bluecarrot16, climb/jump/sit/emote/run by JaidynReiman ","bluecarrot16,JaidynReiman,Michael Whitlock (bigbeargames),Matthew Krohn (makrohn),Johannes Sjölund (wulax) ","OGA-BY 3.0,CC-BY-SA 3.0,GPL 3.0 ",https://opengameart.org/content/lpc-medieval-fantasy-character-sprites 
legs/cuffed/male/walk.png,"Original bases by Redshrike, thrust/shoot bases by Wulax, original overalls by ElizaWy, base animations adapted from v3 overalls by bluecarrot16, pants by JaidynReiman ","JaidynReiman,ElizaWy,Bluecarrot16,Johannes Sjölund (wulax),Stephen Challener (Redshrike) ","OGA-BY 3.0,GPL 3.0 ","https://github.com/ElizaWy/LPC/tree/main/Characters/Clothing,https://opengameart.org/content/lpc-expanded-sit-run-jump-more,https://opengameart.org/content/lpc-expanded-pants "
legs/formal_striped/male/walk.png,"Original pants by Stephen Challener (Redshrike), thrust/shoot bases by Wulax, Striped Formal Pants by Bluecarrot16, climb/jump/run/sit/emotes/revised combat by JaidynReiman ","bluecarrot16,JaidynReiman,ElizaWy,Johannes Sjölund (wulax),Stephen Challener (Redshrike) ","OGA-BY 3.0,CC-BY-SA 3.0,GPL 3.0 ","https://opengameart.org/content/liberated-pixel-cup-lpc-base-assets-sprites-map-tiles,https://opengameart.org/content/lpc-medieval-fantasy-character-sprites,https://opengameart.org/content/lpc-2-characters,https://opengameart.org/content/lpc-gentleman,https://opengameart.org/content/lpc-expanded-pants "
legs/formal/male/walk.png,"Original pants by Stephen Challener (Redshrike), thrust/shoot bases by Wulax, Formal Pants by Bluecarrot16, climb/jump/run/sit/emotes/revised combat by JaidynReiman ","bluecarrot16,JaidynReiman,ElizaWy,Johannes Sjölund (wulax),Stephen Challener (Redshrike) ","OGA-BY 3.0,CC-BY-SA 3.0,GPL 3.0 ","https://opengameart.org/content/liberated-pixel-cup-lpc-base-assets-sprites-map-tiles,https://opengameart.org/content/lpc-medieval-fantasy-character-sprites,https://opengameart.org/content/lpc-2-characters,https://opengameart.org/content/lpc-gentleman,https://opengameart.org/content/lpc-expanded-pants "
legs/formal/thin/walk.png,"Original pants by Stephen Challener (Redshrike), thrust/shoot bases by Wulax, Formal Pants by Bluecarrot16, Female/Thin version by JaidynReiman ","bluecarrot16,JaidynReiman,ElizaWy,Johannes Sjölund (wulax),Stephen Challener (Redshrike) ","OGA-BY 3.0,CC-BY-SA 3.0,GPL 3.0 ","https://opengameart.org/content/liberated-pixel-cup-lpc-base-assets-sprites-map-tiles,https://opengameart.org/content/lpc-medieval-fantasy-character-sprites,https://opengameart.org/content/lpc-2-characters,https://opengameart.org/content/lpc-gentleman,https://opengameart.org/content/lpc-expanded-pants "
legs/pants/thin/walk.png,"original male pants by wulax, edited for female by Joe White, recolors and edits to v3 base by bluecarrot16, teen legs by ElizaWy derived from base, climb/jump/run/sit/emotes/revised combat by JaidynReiman based on ElizaWy's LPC Revised ","bluecarrot16,JaidynReiman,ElizaWy,Joe White,Matthew Krohn (makrohn),Johannes Sjölund (wulax),Stephen Challener (Redshrike) ","OGA-BY 3.0,GPL 3.0,CC-BY-SA 3.0 ","https://opengameart.org/content/liberated-pixel-cup-lpc-base-assets-sprites-map-tiles,https://opengameart.org/content/lpc-medieval-fantasy-character-sprites,http://opengameart.org/content/lpc-clothing-updates,https://opengameart.org/content/lpc-expanded-pants "
legs/pants2/thin/walk.png,"Original bases by Redshrike, thrust/shoot bases by Wulax, original pants by ElizaWy, climb/jump/run/sit/emotes/revised combat by JaidynReiman ","ElizaWy,JaidynReiman,Johannes Sjölund (wulax),Stephen Challener (Redshrike) ",OGA-BY 3.0 ,"https://github.com/ElizaWy/LPC/tree/main/Characters/Clothing,https://opengameart.org/content/lpc-expanded-sit-run-jump-more,https://opengameart.org/content/lpc-expanded-pants "
feet/shoes/basic/male/walk.png,"original by wulax, edited for v3 base by bluecarrot16, Jump/Sit/Emote/Run/Revised Combat by JaidynReiman ","JaidynReiman,bluecarrot16,Johannes Sjölund (wulax) ","OGA-BY 3.0,CC-BY-SA 3.0,GPL 3.0 ","https://opengameart.org/content/lpc-medieval-fantasy-character-sprites,http://opengameart.org/content/lpc-clothing-updates,https://opengameart.org/content/lpc-expanded-socks-shoes "
feet/shoes/basic/thin/walk.png,"original by wulax, edited for female base by Joe White, edited for v3 base by bluecarrot16, Jump/Sit/Emote/Run/Revised Combat by JaidynReiman ","JaidynReiman,Joe White,Johannes Sjölund (wulax) ","OGA-BY 3.0,CC-BY-SA 3.0,GPL 3.0 ","https://opengameart.org/content/lpc-medieval-fantasy-character-sprites,http://opengameart.org/content/lpc-clothing-updates,https://opengameart.org/content/lpc-expanded-socks-shoes "
feet/boots/basic/male/walk.png,"original by Nila122, edited for male and v3 bases by bluecarrot16, Jump/Sit/Emote/Run/Revised Combat by JaidynReiman ","JaidynReiman,bluecarrot16,Nila122 ","OGA-BY 3.0,CC-BY-SA 3.0,GPL 2.0,GPL 3.0 ","https://opengameart.org/content/lpc-clothes-and-hair,https://opengameart.org/content/lpc-expanded-socks-shoes "
feet/boots/revised/male/walk.png,"original overalls and boots by ElizaWy, base animations adapted from v3 overalls by bluecarrot16, boots by JaidynReiman ","JaidynReiman,ElizaWy,Bluecarrot16,Stephen Challener (Redshrike),Johannes Sjölund (wulax) ","OGA-BY 3.0,GPL 3.0 ","https://github.com/ElizaWy/LPC/tree/main/Characters/Clothing,https://opengameart.org/content/lpc-expanded-socks-shoes "
feet/boots/rimmed/male/walk.png, ,JaidynReiman ,"OGA-BY 3.0+,CC-BY 3.0+,GPL 3.0 ","https://opengameart.org/content/lpc-kimono-relm,https://opengameart.org/content/lpc-expanded-socks-shoes "
